vacancy_id,location,name
70a802cb-befc-4221-9316-793a63dc86d1,Sydney - Australia,Product Manager
3d2fbf19-5647-4afc-bceb-2ef4e57a9596,London - United Kingdom,Senior Software Engineer
7e45ce82-bb30-42cc-9fb1-68d93646d019,London - United Kingdom,Software Engineer
193c8a45-17cc-476f-b912-757df903c7cb,Sydney - Australia,Software Engineer
85432891-31c5-480f-bf11-29f170e7dbfe,Sydney - Australia,Product Manager
8a342ab3-1530-4764-b629-eb1bf9b50f58,New York - United States of America,Account Executive
11d3d45a-0505-48b6-a523-2baceb6169cd,London - United Kingdom,Product Manager
9b9b2b64-5b0b-482d-8b21-c42d021380e2,San Franciso - United States of America,Product Manager
0d6418e8-e434-4fac-aaa8-2f89b0b32ac0,Sydney - Australia,Software Engineer
f4c0423e-f964-44d4-9cfa-c6d7684b9b6e,New York - United States of America,Senior Software Engineer
8962395b-2f8c-42d6-9d25-6b88019a9479,London - United Kingdom,Technical Support Representative
8c1ae270-4f72-459d-8d97-7f70887bf4fc,New York - United States of America,Technical Support Representative
6bae4542-05a9-407a-bb7a-10ac23f00b95,London - United Kingdom,Technical Support Representative
f8e508f6-e242-439b-a45c-034369cbb216,New York - United States of America,Technical Support Representative
b705b036-076d-4252-b3c2-1d7d7e3d50d3,New York - United States of America,Account Executive
e070ed7d-7724-48ed-b5bc-00a7ef98f9c7,San Franciso - United States of America,Software Engineer
52cb1849-8cc5-4cae-98fe-362df0877f6d,San Franciso - United States of America,Product Manager
3077f981-5cf4-4a7f-acca-631a79cfce4b,San Franciso - United States of America,Software Engineer
a5b5d21c-b578-4fbe-8b46-d810fc7c5a94,London - United Kingdom,Product Manager
79075859-a19a-468e-b6b2-47e744c50aa1,Sydney - Australia,Product Manager
a2832232-7286-429a-a99b-390b9fe49cb3,New York - United States of America,Technical Support Representative
724be3d7-ea7d-4e81-a427-8c1849d2ce8b,London - United Kingdom,Junior Software Engineer
d9a79c5c-71bc-4e6e-954d-b6d57c242eea,London - United Kingdom,Sales Representative
11011cac-a68a-4bcc-86be-349f236f6537,Sydney - Australia,Junior Software Engineer
f2210005-100b-4599-b332-185fc494051d,Sydney - Australia,Senior Software Engineer
4759d92a-96fa-4884-9a14-922484126a03,London - United Kingdom,Technical Support Representative
f0d2a54b-2eb9-42aa-a22a-024fbc9d9ed2,London - United Kingdom,Sales Representative
8d4362b1-5701-4d95-b770-0c8c59fd300d,San Franciso - United States of America,Technical Support Representative
ac81e11f-4547-421e-b9b5-5628380f80b5,New York - United States of America,Technical Support Representative
02db548b-a158-49e8-9f54-22cc08a03ab3,San Franciso - United States of America,Product Manager
b5f097cf-065e-4e8c-a226-7ad76286ed0d,Sydney - Australia,Technical Support Representative
ed79563d-2cad-4980-b093-59e207670ee0,Sydney - Australia,Product Manager
bdcebe45-e2b7-429a-bf3b-1cb190a080a6,London - United Kingdom,Account Executive
e86f2437-5af2-46c6-b97e-21a1a11c84ec,Sydney - Australia,Technical Support Representative
379aa77e-ffdc-4381-b522-4a5f845078db,London - United Kingdom,Product Manager
750c3585-ebc4-4134-b1ab-761d68ce9dd7,New York - United States of America,Product Manager
e11a7782-6e0a-4c03-ad30-8acd345bdf2c,New York - United States of America,Junior Software Engineer
dd15e60f-84b1-40a9-9aa8-903574c915fc,Sydney - Australia,Software Engineer
51c79b1c-1a6d-410d-86d4-b92e473fcdb3,London - United Kingdom,Account Executive
31bcbf3f-978f-456e-a4ac-1254d9378230,New York - United States of America,Product Manager
46baf383-d0d3-40fb-804e-5d276cd54236,London - United Kingdom,Sales Representative
3af2982f-8a6a-4683-8f13-d31f21a4c52d,San Franciso - United States of America,Technical Support Representative
e064ad51-c8cc-4dcc-8346-9882f3fbdbc5,San Franciso - United States of America,Account Executive
57a3f669-0ab9-4342-a95b-b7d909f6c9ef,London - United Kingdom,Software Engineer
52be5d1d-4038-4df9-9c69-daa8901cd751,San Franciso - United States of America,Account Executive
5a1db570-9a2e-421c-a277-7db60fe71328,London - United Kingdom,Account Executive
2242e024-1698-4c6b-8396-456ea24bbdf8,San Franciso - United States of America,Junior Software Engineer
3e0a9d59-123e-4739-a100-0716489b786d,New York - United States of America,Junior Software Engineer
26ba22dc-ae1f-4ceb-a68d-5c0e603366c0,London - United Kingdom,Junior Software Engineer
eb20fe44-4f32-4900-85cb-deabfebd46d4,London - United Kingdom,Sales Representative
7cd63f37-94a0-4c37-b0f4-2b35524e31e5,San Franciso - United States of America,Technical Support Representative
a2a26b14-d854-4836-840a-c8a1037e9176,Sydney - Australia,Technical Support Representative
eab28f8c-0154-4de2-bfaa-4ab930296b2b,London - United Kingdom,Account Executive
672b46ee-56bf-40ed-bc78-b818d283159e,San Franciso - United States of America,Technical Support Representative
a67f30bb-cc61-4fa8-bcd4-f2cf4cd4194e,Sydney - Australia,Sales Representative
7a815d99-af25-4dc1-a803-7fe8433a0da0,San Franciso - United States of America,Account Executive
5aed5d6a-5979-4b32-b0ee-ed77ffbc93d2,San Franciso - United States of America,Junior Software Engineer
ff6bdd47-3b30-4bda-8feb-bee25f9f96cf,Sydney - Australia,Software Engineer
61279ede-c502-4254-b319-4ba986ae7004,London - United Kingdom,Senior Software Engineer
20b10971-5fcc-4e07-937e-b8bf284a019e,San Franciso - United States of America,Account Executive
82f6db03-5366-4ac7-9f05-837bdd298f1d,San Franciso - United States of America,Senior Software Engineer
0e635b20-016b-449e-9fd9-c26e1ffdbc7c,San Franciso - United States of America,Sales Representative
be8d5005-0c56-4b5d-a79a-d08362631914,San Franciso - United States of America,Junior Software Engineer
5252cbb0-bda0-4cb2-acd0-d911fae40908,San Franciso - United States of America,Account Executive
04caae37-339d-4fc3-8e73-629eb167a24c,New York - United States of America,Junior Software Engineer
d6dd8ddb-664e-4f36-8a7b-00606f5f19dd,London - United Kingdom,Technical Support Representative
43a337c0-0949-41f9-92de-5fbc2db65e9f,San Franciso - United States of America,Senior Software Engineer
a92a7556-ee84-42fc-a743-e86edd3f227d,London - United Kingdom,Product Manager
5167db35-c4e7-4772-a3fb-f1f84fe1b0aa,New York - United States of America,Sales Representative
417e3289-3e90-40e7-bbc6-fbd8f0c01170,London - United Kingdom,Senior Software Engineer
6123f646-2bff-482b-95c7-935133504e0a,Sydney - Australia,Account Executive
a1801263-952a-48b6-9a34-439304c2ac92,London - United Kingdom,Sales Representative
dab98dc4-285f-47f7-ae3b-95e96bbdc0f9,New York - United States of America,Technical Support Representative
0b1fa777-20a9-4803-887f-88882b485825,Sydney - Australia,Senior Software Engineer
8ddd6d83-3e5d-42f2-80a2-3f39d9df06aa,London - United Kingdom,Sales Representative
09bef9e4-bdf6-43bf-8064-85a679aa16c5,San Franciso - United States of America,Account Executive
3c407f87-904f-4f57-a30a-78ed6c3785d9,San Franciso - United States of America,Junior Software Engineer
90fce5ad-1e7b-4e2c-b702-f7d1c3d2eca0,Sydney - Australia,Product Manager
d392148a-a531-40c0-b239-b4ced7a4605e,London - United Kingdom,Product Manager
8612eb4b-4494-4291-bb0c-531070b8f7db,New York - United States of America,Sales Representative
e8c14f3b-143a-4afe-baeb-f8633cb86f5f,Sydney - Australia,Product Manager
4c2ee0c4-76ad-4fc7-8bf9-f1dd0c80d1fb,Sydney - Australia,Senior Software Engineer
b6222a2c-f780-46c7-9f98-c874a0cd75b8,San Franciso - United States of America,Product Manager
34cb2e2b-ca1a-49d6-9961-f3fd553b02bb,New York - United States of America,Junior Software Engineer
729c5fc3-8f4a-49b1-b7bb-b7843b6b1247,San Franciso - United States of America,Account Executive
03f9ab3f-12a4-490f-af48-6e7de2184c37,New York - United States of America,Junior Software Engineer
870fbb17-f5a8-44e0-8d3b-111d3c705d13,New York - United States of America,Senior Software Engineer
d9a0bd72-b499-4083-adc6-b65d633a22bd,London - United Kingdom,Account Executive
f99800cd-8b04-4f4a-ae5d-f95b40feacfa,New York - United States of America,Product Manager
6857fb53-7781-4082-8c67-e929c003e5aa,San Franciso - United States of America,Software Engineer
6c059dd1-a2e4-4d2e-a7a9-0d03315c6618,Sydney - Australia,Sales Representative
73f531fe-a34c-4b11-aa98-78c7e9c7c3ff,New York - United States of America,Senior Software Engineer
ace00c0c-cfbf-42ed-9520-6a93dd9c378d,New York - United States of America,Account Executive
04eaf94f-dc3e-418a-b103-48b9efa7b55b,San Franciso - United States of America,Product Manager
42942090-38e5-497a-8561-ebc1596d4090,New York - United States of America,Junior Software Engineer
f81bf4b6-42c7-4b6d-bea1-82348aed3e5c,Sydney - Australia,Account Executive
2adad80e-dbef-4456-91cc-dd4f2b96e651,New York - United States of America,Junior Software Engineer
c7611fc8-27dc-4539-ab16-805b98841ddb,London - United Kingdom,Software Engineer
654edb6a-0f80-4c18-b659-072e768402ce,New York - United States of America,Senior Software Engineer
6095f2d4-f151-44e7-acac-5a04e0c2a043,San Franciso - United States of America,Software Engineer
0e505040-e9e9-4890-b375-da80b55521b9,Sydney - Australia,Software Engineer
85c0365e-db48-476c-94c4-51e669451bce,London - United Kingdom,Senior Software Engineer
a764c640-bf5e-4478-98f4-3a1c6cee7b8f,London - United Kingdom,Senior Software Engineer
3b898ae6-fefd-4bd9-90b9-ec135c65379a,Sydney - Australia,Sales Representative
ff4a6190-2494-4601-85bb-b1217acb2a62,San Franciso - United States of America,Sales Representative
f64225e4-38bb-4726-9f43-23fedd250eae,Sydney - Australia,Software Engineer
f3d0d789-2b96-4327-acc3-9fc2a951f04c,San Franciso - United States of America,Product Manager
7efcb3c2-5961-4472-8c32-02baedafa355,New York - United States of America,Senior Software Engineer
fbbe9c2a-bc90-407e-a7ee-e86041b2c854,San Franciso - United States of America,Product Manager
53db6e8f-d6be-4064-a5b3-26a6e61f844f,New York - United States of America,Account Executive
82f1d0cc-4bb2-43a0-ba80-708878d9d5ee,San Franciso - United States of America,Technical Support Representative
e1fbe90b-b4f4-4a21-b7a8-30c49135abee,London - United Kingdom,Technical Support Representative
5e23620a-777c-4fd6-8f86-f4418daf1dba,New York - United States of America,Software Engineer
08743aff-8d88-4cb5-87e4-2688b0e37d37,New York - United States of America,Senior Software Engineer
7bf88e0a-72a9-45da-b7a3-3fb578f09986,Sydney - Australia,Junior Software Engineer
0949a56b-c2fd-47df-9d8c-ea02222af1e3,New York - United States of America,Technical Support Representative
65b345f8-f357-407e-ac69-a175832eda50,Sydney - Australia,Product Manager
32c0e553-925e-45f2-a7a4-55e8d0038fda,New York - United States of America,Junior Software Engineer
d7c6c41c-a5cb-46ab-b46d-36f990847bc0,New York - United States of America,Sales Representative
d6d6fb03-9955-497f-85ee-389fc7a5a1b0,San Franciso - United States of America,Sales Representative
d9e19c0c-2d32-44b4-bea3-eaec4bf1eb2c,New York - United States of America,Software Engineer
39b21b0b-acd3-4922-8b00-460f2bd6f62f,San Franciso - United States of America,Technical Support Representative
66200e9c-f567-4579-9f10-7bcc941beb19,London - United Kingdom,Product Manager
bfbd7de6-cc0f-4fd0-a969-eb8322ebc35a,London - United Kingdom,Technical Support Representative
eed3dc0d-78f7-41b8-8e2a-1ab3ef13dfeb,San Franciso - United States of America,Software Engineer
8b6c62f0-d287-4164-9dfc-45df3606914c,Sydney - Australia,Sales Representative
948c0112-4e61-43ca-b897-e8ab6f155f99,New York - United States of America,Product Manager
9cddd0ec-6870-4e5c-a970-d9d899e1413d,San Franciso - United States of America,Product Manager
a5d80c43-87b0-4213-b6fd-abd15fa78a2d,New York - United States of America,Senior Software Engineer
f18aa699-57f5-427f-a2a8-0007e81841e3,Sydney - Australia,Senior Software Engineer
f55e3c56-f8b7-4b2c-8da0-7479e5756dc6,San Franciso - United States of America,Junior Software Engineer
f466dbed-b768-4052-bda5-bfd2c51dd643,New York - United States of America,Software Engineer
af3a02a1-e267-476e-bf65-3163595819e3,Sydney - Australia,Account Executive
bac7794a-6125-4e80-83d8-ebd7cb0e8d43,London - United Kingdom,Junior Software Engineer
c294e4ab-d152-44a6-b238-028cd7997fe5,Sydney - Australia,Junior Software Engineer
5e625867-1adf-4bb7-a32f-0cc807a1f5ed,New York - United States of America,Technical Support Representative
502e2b94-982b-4c85-b255-aed3d55316d7,New York - United States of America,Account Executive
542aee65-da1c-4a09-9c2c-c4aa9cf2e42c,San Franciso - United States of America,Junior Software Engineer
4f1c0904-9d0c-4557-a0a4-ac800ca9a67e,London - United Kingdom,Senior Software Engineer
c7d5c2e7-a9aa-4d40-9c70-5a43d658ed42,Sydney - Australia,Account Executive
b51be4fb-ac46-469d-bed4-583a5da1f721,Sydney - Australia,Account Executive
008cab18-d420-4991-89c1-49c8ca2a6f6c,Sydney - Australia,Senior Software Engineer
b7f1b717-d7eb-49f9-8661-44f3f1e3bb75,London - United Kingdom,Junior Software Engineer
fffa054f-71f5-494d-bc4a-c1181e427fca,Sydney - Australia,Senior Software Engineer
39faf890-ce58-4db5-876c-bee72ff637d9,Sydney - Australia,Software Engineer
7ae4e422-7739-4a6a-a6ee-208460f2f38c,London - United Kingdom,Junior Software Engineer
d1d0edea-3044-49e1-916d-d9ba00519672,London - United Kingdom,Sales Representative
f971232f-7b82-43e0-b890-dfe8b971edfe,London - United Kingdom,Sales Representative
617b509b-c737-42b6-97ea-2fce90651863,Sydney - Australia,Product Manager
4eb8b112-1333-4e36-be95-b3b6127112a3,London - United Kingdom,Junior Software Engineer
0c7e9f08-79a2-4791-96d8-aaab68cfa7f1,San Franciso - United States of America,Technical Support Representative
02d4b422-78a1-4419-807e-c324aba2eff7,San Franciso - United States of America,Account Executive
8df67d27-1d59-44b4-91fe-4b25ee46622c,Sydney - Australia,Product Manager
bc4788e0-8a1c-47ab-9125-a5dfe4479477,London - United Kingdom,Senior Software Engineer
9dac198f-478b-48dc-ab72-91d5532337a6,New York - United States of America,Account Executive
7ae90de2-267d-4933-b766-58951fcbc9fc,San Franciso - United States of America,Senior Software Engineer
5085a0ec-9e09-4745-8741-e83009e91249,Sydney - Australia,Junior Software Engineer
95a18b4c-cd0a-4dae-96a2-5b396defac47,New York - United States of America,Technical Support Representative
d7677264-b0e1-42d9-9d31-6764f92a6ce5,San Franciso - United States of America,Technical Support Representative
973cdb37-3189-4a71-a731-0142a1428386,San Franciso - United States of America,Product Manager
2fbb3f60-4693-47b3-8e16-f94569cb5f15,San Franciso - United States of America,Account Executive
ba4517c8-a178-471e-a637-ac66bd434dfe,New York - United States of America,Software Engineer
39b641ba-cdc9-49c4-ad5f-8452a4fb8e13,New York - United States of America,Junior Software Engineer
aab505da-501a-42c3-908f-e1557386ff66,London - United Kingdom,Account Executive
f4a7502f-ad62-4797-a479-b0f277405ecb,San Franciso - United States of America,Account Executive
cff5a7f8-3fe1-44c9-959a-3ff73690bbc4,Sydney - Australia,Software Engineer
0a421c19-f192-4b20-ba74-fe9bef4a6149,Sydney - Australia,Senior Software Engineer
e3f82fd4-d26a-41c5-81d5-5e5c03d7d409,London - United Kingdom,Sales Representative
e2a24654-6f4d-42d0-9399-cdc86b33ef66,Sydney - Australia,Account Executive
b00834df-0dc7-460b-841c-abf28b05ef19,San Franciso - United States of America,Sales Representative
cd67c8fd-bfd8-4ca0-8abe-a21242656aec,Sydney - Australia,Junior Software Engineer
8f32b5b7-7518-4c25-abb2-c79d1bb5da77,London - United Kingdom,Senior Software Engineer
d5f4b6ce-46a6-4c47-afda-29f40700c29c,New York - United States of America,Software Engineer
9d6e0aec-ed75-42b7-9724-fa8f2a7354ec,Sydney - Australia,Sales Representative
89ea80ab-d260-49d7-9534-60b7ca2d9b8b,San Franciso - United States of America,Software Engineer
cfe47da7-66b5-4f2e-bc2c-724f3ab1b7de,New York - United States of America,Software Engineer
0d7b4060-f579-4060-a3a9-b0b6bdb5f834,Sydney - Australia,Sales Representative
eb0e0c41-ae14-4d0a-acf9-9c959d6ebe84,London - United Kingdom,Software Engineer
87b10731-fd40-49a2-a278-261058212bda,Sydney - Australia,Senior Software Engineer
5556e538-f918-4f34-9ee4-7e5d77bce704,San Franciso - United States of America,Account Executive
945d48ab-9a2f-43b8-a22a-dbc76dfa9b4b,Sydney - Australia,Technical Support Representative
d377cf35-b804-4976-adab-ddffa2943ee6,Sydney - Australia,Junior Software Engineer
42cc6cc5-00a2-47d0-9660-e4dee986183c,London - United Kingdom,Senior Software Engineer
548c89ff-d4eb-4540-b18b-23406f9bc48a,New York - United States of America,Account Executive
36524e69-d44d-4d23-b888-7b9af9ab23ce,San Franciso - United States of America,Junior Software Engineer
c52f6076-4bfe-47fe-b1fb-8941ce999dc2,London - United Kingdom,Technical Support Representative
6fc988b5-88d1-4ec8-a4c2-12b0f88b6d18,Sydney - Australia,Product Manager
f0724257-e406-4734-ad0e-70a23033414c,Sydney - Australia,Technical Support Representative
d5981773-c664-4bb8-a79f-72af52b8433f,New York - United States of America,Sales Representative
7dbc48a3-5210-4705-9440-cbde541d16ec,New York - United States of America,Junior Software Engineer
d3ea0fcb-1e95-4be2-8226-27f7a74e2186,London - United Kingdom,Account Executive
013b85e0-257f-4f00-bfd6-14f2d6e31a93,London - United Kingdom,Account Executive
48fa03e2-52e3-4df5-97ab-f4aa17e4998f,New York - United States of America,Product Manager
c3e6ae74-1c59-4b7f-a01a-8e3fd5a9fbbf,New York - United States of America,Account Executive
bc9f092d-a00f-4b7e-be04-b42a018053f2,New York - United States of America,Product Manager
f4d84e6a-fab0-4246-99a0-15b098612759,Sydney - Australia,Technical Support Representative
a3f1547c-66b2-4975-84bc-c001f7bb65e7,London - United Kingdom,Product Manager
e6a601b2-bd82-41aa-8554-85b651491858,New York - United States of America,Junior Software Engineer
42d52df3-4462-48a5-ac2b-5d1d2299c9fd,Sydney - Australia,Software Engineer
34dce52f-c73e-4dc8-9ff5-a614594b6112,Sydney - Australia,Product Manager
69eee4fd-fe5b-4f03-bf91-4051f972665f,Sydney - Australia,Technical Support Representative
91e1606f-7a5f-457c-a6a5-14a8e6f4096a,San Franciso - United States of America,Technical Support Representative
25528839-3f4e-4b22-a660-caff13f9b5d3,San Franciso - United States of America,Technical Support Representative
94a5465c-a06c-414f-b09f-9b9ce749da0b,London - United Kingdom,Account Executive
10ac8196-cb5c-4d74-a028-272af926a833,New York - United States of America,Software Engineer
47a0de4a-72d3-411c-8d4f-d5fc92d1b4ff,London - United Kingdom,Sales Representative
5fd989bd-375d-4f72-95bf-fef38b566cdb,New York - United States of America,Product Manager
0251d5cb-cfa3-4497-b38e-a701f308e07f,San Franciso - United States of America,Senior Software Engineer
11cbba81-4324-40df-bc4e-1081218c26a8,London - United Kingdom,Account Executive
b413c9b5-9849-4b9b-9a27-b1feb641b0dc,San Franciso - United States of America,Sales Representative
e0c2237c-3ef3-4814-a897-89d5d0891539,New York - United States of America,Software Engineer
ea5c3350-8d2f-49bb-b11a-c7b237311919,New York - United States of America,Account Executive
fe8ffe19-010c-45a4-bd03-9c991ee1b67c,Sydney - Australia,Sales Representative
74ed16fe-895b-44bf-aacc-80a55fea4354,San Franciso - United States of America,Junior Software Engineer
a9c0744a-7d33-4ed8-b418-78b2bf2a9586,New York - United States of America,Software Engineer
62197ea6-783b-46dd-afb0-a182a2a46e71,London - United Kingdom,Account Executive
c029208e-b956-423f-bf2b-d53e4654af21,San Franciso - United States of America,Product Manager
d8ca6db0-cbf3-464f-9b23-577fd2ce179b,London - United Kingdom,Junior Software Engineer
1c61c4db-d6a0-4d7d-8948-80453b6efe6b,London - United Kingdom,Product Manager
6b71bb8d-eeaa-4ca8-b0a8-3a7c7147463d,New York - United States of America,Product Manager
ff96501f-90b5-4477-8fb3-1621ca9b4df9,New York - United States of America,Technical Support Representative
9c15d64c-fd4a-4c61-be6f-64c19f998c79,Sydney - Australia,Software Engineer
078a61fb-0c56-41f4-9808-0e42e058d907,New York - United States of America,Sales Representative
87949d6b-bd0d-4d76-969b-df60b9000352,London - United Kingdom,Senior Software Engineer
8634dfc9-e692-464d-8d00-cd148a80a13b,London - United Kingdom,Senior Software Engineer
2de0661b-dbb8-4d99-b576-0675453d351e,New York - United States of America,Senior Software Engineer
a76047de-2e69-4973-8767-00a8e7c562b7,Sydney - Australia,Senior Software Engineer
21fe359b-acf3-436a-9d72-64af388bb046,London - United Kingdom,Technical Support Representative
09775de9-1569-48eb-99ea-2293ff45ee23,Sydney - Australia,Junior Software Engineer
ec38e7b1-1c64-45a5-a440-de4efc6a2be4,New York - United States of America,Senior Software Engineer
d5d5ccac-8d63-4150-913b-c40d0420e837,London - United Kingdom,Senior Software Engineer
2a9e631d-1f02-4d77-950c-d1f8a9ac25ef,San Franciso - United States of America,Sales Representative
b66e586b-8cee-4449-b146-35d2eefaa272,London - United Kingdom,Sales Representative
9ef88912-b466-4731-aa46-32581c721f41,San Franciso - United States of America,Technical Support Representative
d089cb05-6595-4918-b790-4595d8d2555b,London - United Kingdom,Account Executive
d2f9a309-4e6a-40e9-b34e-891c376d5703,San Franciso - United States of America,Account Executive
2ab02695-7758-4c7b-836f-3f01bfcab06a,London - United Kingdom,Software Engineer
77753584-2847-46e9-b0ad-b3dcf52baa57,New York - United States of America,Software Engineer
86bdbada-a459-40d7-a065-65057cd75169,London - United Kingdom,Senior Software Engineer
446143f0-87a0-4d7f-9094-82a587d2e6d6,Sydney - Australia,Senior Software Engineer
f44ca6e3-31bc-4734-a173-cc024b9664e6,Sydney - Australia,Product Manager
3cf7fa92-71f9-4276-ae9a-8825cab78209,New York - United States of America,Senior Software Engineer
f7308288-df90-49b1-8453-965087fe5dd9,Sydney - Australia,Junior Software Engineer
d874fca9-9db7-403d-8845-48c8aeed9419,San Franciso - United States of America,Account Executive
29d09c2e-a0a5-4767-86a5-835ffbd7d045,New York - United States of America,Senior Software Engineer
abef783b-5b93-4e81-9728-b7339453c036,Sydney - Australia,Sales Representative
7f1665fc-0dee-45b3-97db-6822bf4c6f23,San Franciso - United States of America,Account Executive
9fd35b1b-125a-494a-8344-28cc2fdf8c28,New York - United States of America,Sales Representative
94dadc59-c69b-41b3-8e3b-861524bcfcd4,New York - United States of America,Account Executive
8aaeb7d3-364d-4764-b5e7-3b15b00b702f,New York - United States of America,Account Executive
74dda52f-b22a-4b89-8dba-bb202bea30f0,London - United Kingdom,Software Engineer
7af86273-9e99-40e1-8078-aaaea50e631c,Sydney - Australia,Product Manager
10b76d40-c590-4a4d-b2d7-8ad790f95edc,London - United Kingdom,Software Engineer
d180c1c5-1b92-4a1f-bcb2-48298c3a2403,London - United Kingdom,Sales Representative
447a79f3-1eef-4464-9129-f19344f44728,London - United Kingdom,Junior Software Engineer
b029c49d-01cb-40bc-827d-decff4d17ce5,San Franciso - United States of America,Software Engineer
7a8550d1-af9b-4960-8013-0310ece51110,New York - United States of America,Product Manager
d2de4818-9da2-4d4e-8fc7-cb5a22e1b04c,San Franciso - United States of America,Junior Software Engineer
8f5d3942-01ca-4df3-92aa-cdf7894672be,Sydney - Australia,Technical Support Representative
46bf0e51-29a3-42cc-907f-1ec34736fd58,Sydney - Australia,Junior Software Engineer
e6a1ed7a-210b-43d0-a598-df9a7d486354,Sydney - Australia,Sales Representative
a0b88a25-5cf1-43cb-b95a-a75c963f129e,San Franciso - United States of America,Account Executive
bf468b7a-8228-438d-a510-4db60f49e9aa,London - United Kingdom,Software Engineer
79ef76cc-964c-40b5-9ec9-419aab66232c,Sydney - Australia,Product Manager
1a5b4be4-0b97-4874-a28a-adcf8325cc02,London - United Kingdom,Product Manager
eca90f50-c789-4505-84ac-21f7f72ca1bb,Sydney - Australia,Account Executive
dc149ac3-8a5b-4363-be63-096bc4fe45a2,San Franciso - United States of America,Sales Representative
931d3d55-7b7c-4dba-b7d7-d9eb1ef11304,Sydney - Australia,Sales Representative
1f321202-6d97-44bf-a284-7385a71955d2,New York - United States of America,Technical Support Representative
181a1ad2-bc7f-4634-a435-d1e59f9d0d31,Sydney - Australia,Senior Software Engineer
d43c50a8-3ecb-4da7-9a95-1d89998f383c,New York - United States of America,Senior Software Engineer
20badd08-7af7-4a13-8494-e4a0f0ba2f2a,Sydney - Australia,Account Executive
443560a6-ebe3-4040-b86d-86db5a2ce9ef,London - United Kingdom,Senior Software Engineer
50e28a47-386b-40d7-9752-986e83db8a6b,San Franciso - United States of America,Junior Software Engineer
e3009e5b-2fde-4907-b64e-f3817c954f0d,New York - United States of America,Product Manager
4fd0fbb4-3b96-44e2-9b7a-c3e30dbcd189,New York - United States of America,Senior Software Engineer
61427859-deff-472a-a296-f78f8ab26658,London - United Kingdom,Senior Software Engineer
2e61c048-dcf8-4811-bd81-accf2ec639c1,Sydney - Australia,Product Manager
8764268e-860d-48c4-bc43-8972a7cdf93a,Sydney - Australia,Sales Representative
70fed83c-ec00-4353-82b7-962a249866f2,San Franciso - United States of America,Junior Software Engineer
1d038ef1-e29f-415b-a084-037413f0135e,San Franciso - United States of America,Product Manager
10a8b409-afd7-4c73-9ba8-f0e4a6e29271,London - United Kingdom,Senior Software Engineer
78d0b9fd-4e3d-4f16-8da5-a2cbed01b9e2,London - United Kingdom,Sales Representative
dbbc7adf-2b9f-4e2e-a670-e49ca57cbc11,Sydney - Australia,Senior Software Engineer
22e77da5-9547-4863-984c-cd0f7ea088fb,Sydney - Australia,Sales Representative
588c87c2-d022-4044-9c82-8dde7eb41b7d,Sydney - Australia,Sales Representative
d379555d-4131-4ea9-a199-46ea5020014f,Sydney - Australia,Account Executive
ad19b65a-f04b-4c1b-995d-bb8728c52976,New York - United States of America,Software Engineer
4b22a85b-9fa5-48db-a9a3-7ad59401b4ef,San Franciso - United States of America,Senior Software Engineer
f7581a37-b425-48da-9b75-267d85d28fe7,New York - United States of America,Senior Software Engineer
107fd59f-220c-4d45-95c4-1b38830979e5,London - United Kingdom,Technical Support Representative
cde0f051-1b1e-42cb-94ef-d74fc0954d1b,London - United Kingdom,Technical Support Representative
08fad3d7-e0b8-42c1-8341-311785f601f2,Sydney - Australia,Senior Software Engineer
a1842337-643d-4773-90a2-b8d8305b26aa,San Franciso - United States of America,Account Executive
9a25bee8-a365-4ca4-b806-c37aba69cda8,London - United Kingdom,Sales Representative
06a85914-46c0-47dc-a34e-5c8543d63a73,New York - United States of America,Technical Support Representative
dfc6fc81-a0b1-4ee1-a867-284e4426c71a,London - United Kingdom,Senior Software Engineer
ddcf0090-e4bd-48d9-b14e-7c213b263deb,Sydney - Australia,Product Manager
39b489c1-97cc-4b40-8b53-adc78a978e61,San Franciso - United States of America,Sales Representative
2130aba1-e3fb-4863-8bdd-8a52bd49c523,London - United Kingdom,Senior Software Engineer
c4be42ad-43cd-4227-9f01-dd2200b872fd,Sydney - Australia,Junior Software Engineer
481a05a1-f9a9-451a-8e67-07fbc80e93a4,San Franciso - United States of America,Junior Software Engineer
73bc2eb1-c376-4008-a8f4-a76274f0b498,Sydney - Australia,Product Manager
7d1265d1-3b09-4608-8bdc-082c6b4a2a6d,Sydney - Australia,Sales Representative
d1687230-4802-4448-be9e-d0b110594bf7,New York - United States of America,Technical Support Representative
eddc102a-36a8-453f-a42d-72456dea4e79,Sydney - Australia,Senior Software Engineer
a953c3e4-4516-417b-8068-e691d58c218b,London - United Kingdom,Senior Software Engineer
5f1174f1-2c49-4b75-9da8-329964d2cfb2,London - United Kingdom,Technical Support Representative
a4887639-cc5f-418e-aa9a-5f32b414c4d2,San Franciso - United States of America,Product Manager
3810fc5d-e4e8-4b5c-9911-b6111a6e63a9,London - United Kingdom,Product Manager
5f25d420-128c-402a-886f-f88fc1bba2b7,San Franciso - United States of America,Product Manager
f4471376-8b25-4274-bd56-246cc1b804da,New York - United States of America,Sales Representative
33e7b608-0f1f-4fb5-a5ef-f673da97a2a2,London - United Kingdom,Software Engineer
48311d2b-688e-4364-9316-b031f9a3dd89,New York - United States of America,Technical Support Representative
d8abebfc-3fda-4ef7-a70c-7fcb57a9cbe7,Sydney - Australia,Software Engineer
d5f8a50d-21a9-42b0-b93f-190c9cf0200f,London - United Kingdom,Sales Representative
7a30b2cb-885d-4cb6-92f4-d996b3177a92,New York - United States of America,Sales Representative
7472b6a3-3a9f-4e73-9992-4b514446a456,San Franciso - United States of America,Sales Representative
445e1d78-0f9c-4533-8a39-6cb79c2eb897,San Franciso - United States of America,Sales Representative
83071923-1a5d-4a12-8bca-b928df42553e,New York - United States of America,Account Executive
305b4d86-55d9-4a38-bc7f-778e13600da5,New York - United States of America,Junior Software Engineer
a868170d-9ada-477f-9a5c-54c2407d817f,London - United Kingdom,Software Engineer
bccdb83f-bc41-446c-84c8-ae1ff72b751a,Sydney - Australia,Junior Software Engineer
41fca763-55a1-42ea-8b48-02d958b9fc9b,Sydney - Australia,Technical Support Representative
be70ce76-d315-4a89-a82d-63325ee0d351,London - United Kingdom,Senior Software Engineer
cb5e7ed6-c2e7-4ee6-9b30-63124b7322ff,New York - United States of America,Technical Support Representative
b824a607-0e39-4218-9584-29396c0b3cc9,New York - United States of America,Junior Software Engineer
a3a745b6-45ef-4853-8d3b-0560ce109d89,Sydney - Australia,Technical Support Representative
685e7b28-8f74-415b-81f7-20255c151c9b,London - United Kingdom,Sales Representative
b483d574-413f-4af7-b5c9-e0ad85ca262c,San Franciso - United States of America,Technical Support Representative
4e164e0b-39a0-449c-b5f0-0721fc21f84f,San Franciso - United States of America,Senior Software Engineer
9a12ae6f-2e22-49f2-a7e8-b02a7b3684af,London - United Kingdom,Product Manager
363aa55d-1288-49ca-a3bc-fd1cdabdfc53,London - United Kingdom,Sales Representative
97f8cd0c-ddc5-47af-bf16-a327ea3534b1,New York - United States of America,Software Engineer
583b1fcf-ead7-447c-b6a3-a77df2aecb7f,Sydney - Australia,Sales Representative
98834adb-bef9-4b2b-b344-c2f7f82e1348,New York - United States of America,Account Executive
28ae8f62-34eb-4bb4-beaf-dd551b14b453,New York - United States of America,Software Engineer
d45baebc-25a2-45e7-9300-eebdee213999,Sydney - Australia,Software Engineer
53c8e44a-3164-4b8b-af05-8a9e5ec12044,San Franciso - United States of America,Sales Representative
35ca749f-b895-48f7-8aa9-a24618ca226c,New York - United States of America,Sales Representative
5eb41bc4-13ae-43f1-8e83-376b08c5a9ad,London - United Kingdom,Senior Software Engineer
146d8e6b-4adc-4d01-9af2-7258bd4c2154,New York - United States of America,Senior Software Engineer
ef91bcbf-8da5-468a-b464-f6806d0f74b2,New York - United States of America,Sales Representative
6f98912f-02e2-490c-ae83-8e380bd709e8,San Franciso - United States of America,Software Engineer
97190ffc-eea6-4a19-9da3-9743238fcc1a,New York - United States of America,Product Manager
428bf8eb-d15d-4010-8a15-a639081305b1,San Franciso - United States of America,Sales Representative
e80985b0-ec5c-4f40-a0f7-8fd50e883785,Sydney - Australia,Sales Representative
133d7c26-5159-4574-8aea-c59e6e1844f0,London - United Kingdom,Sales Representative
36431176-cbc8-4513-8bc4-535d27ba75b6,New York - United States of America,Sales Representative
5d626c41-e5e7-4555-a011-cfacbdd2ae83,San Franciso - United States of America,Software Engineer
2d5a9a29-358d-42cd-b933-14293f8fe9b1,London - United Kingdom,Junior Software Engineer
b38c4813-ae75-4358-9f5b-7e4230ffab7b,Sydney - Australia,Software Engineer
08a7ccb4-b4ed-46d7-92f7-1f0517c4790f,San Franciso - United States of America,Account Executive
1ee753af-1cfb-47c8-89dd-59c883a5d5cd,London - United Kingdom,Product Manager
5f7fec45-be4b-4fa0-84e9-89752edef404,Sydney - Australia,Technical Support Representative
538b7450-86fa-4444-a974-2c9eaacf3a55,Sydney - Australia,Senior Software Engineer
bf5a92a5-a77a-4e6e-92b1-cd56384f0e91,New York - United States of America,Sales Representative
226f827c-beba-49e7-a11e-d3047b57f25b,New York - United States of America,Software Engineer
514d0979-19a6-46eb-945a-4b0f3fc96ee2,San Franciso - United States of America,Technical Support Representative
f75a6ebf-e44c-4bb5-b857-b9a7566a190b,San Franciso - United States of America,Junior Software Engineer
4002337b-0766-49cb-b8b7-5d2d48f80dcb,San Franciso - United States of America,Senior Software Engineer
972b54de-d62c-4ba5-8eb8-dc4a2a774bce,London - United Kingdom,Software Engineer
171321a5-3721-4f84-b322-13cc9e24415f,San Franciso - United States of America,Sales Representative
a664992c-e74c-4e55-a241-f5ad25b9ebba,London - United Kingdom,Junior Software Engineer
41cab5aa-46fb-423e-8c82-03421eafed34,San Franciso - United States of America,Account Executive
b055aa92-8df5-46d9-aea6-924bb92be142,Sydney - Australia,Software Engineer
42bf1237-efde-4790-bf96-6e180044003a,Sydney - Australia,Senior Software Engineer
b1f5d3ae-e778-48be-a600-1a1d5b221286,New York - United States of America,Account Executive
a8c8c8a8-fad7-4976-9e73-955673f166f0,London - United Kingdom,Sales Representative
7814b00f-0e35-4b6a-acfe-aa3c7335ca15,London - United Kingdom,Sales Representative
67195625-15c7-48e1-bbaf-a996526ed13e,New York - United States of America,Account Executive
dab160fa-7309-4184-b675-9bbcbf2663b1,London - United Kingdom,Product Manager
8d582c86-95d4-44f7-8f9e-1187860c0490,San Franciso - United States of America,Junior Software Engineer
b5ffc900-2db8-419e-be24-4d5ee240241e,London - United Kingdom,Sales Representative
7497c253-87c8-42e4-b290-35af0db70fa2,San Franciso - United States of America,Technical Support Representative
28609713-5bd2-48e7-83ac-8bb7c5f60a30,Sydney - Australia,Senior Software Engineer
07039c57-eb15-4e25-a1ee-c617f034e573,Sydney - Australia,Technical Support Representative
a16c03d3-f0ae-44f1-b4bc-02c274df1061,London - United Kingdom,Technical Support Representative
d030510a-8dc3-43b0-b090-2dcc8e462fa8,London - United Kingdom,Product Manager
fb3c7045-f183-4378-8d4a-19e494b2399b,San Franciso - United States of America,Senior Software Engineer
8b674884-70c0-4694-8e59-7081af966a14,Sydney - Australia,Senior Software Engineer
d26ff1f1-be60-42c1-aeda-33fcf3f5c01c,London - United Kingdom,Sales Representative
894f833c-a400-4392-b7a0-d1012b5fbd65,San Franciso - United States of America,Technical Support Representative
e056a555-5832-47e0-b046-f129e822af65,Sydney - Australia,Junior Software Engineer
6b57d7f5-c5ca-403e-afbf-1246b8bc01d8,New York - United States of America,Account Executive
2d1565c1-44ec-40eb-9472-5c8d33f07137,Sydney - Australia,Software Engineer
8ddfd055-7a43-400b-9a74-2fc816e4c975,San Franciso - United States of America,Sales Representative
9262c0b6-3263-46ce-aba6-7632ec0f1d2a,Sydney - Australia,Software Engineer
47287ae5-6c4d-422b-86a9-54bb1f57ae62,San Franciso - United States of America,Technical Support Representative
f13f6cc5-04d9-42c3-bc10-d51979894282,New York - United States of America,Technical Support Representative
67c03e43-060e-432b-8505-e621c2500f81,Sydney - Australia,Senior Software Engineer
20c19e91-7adc-4947-a858-ecc2b6c2b0c3,New York - United States of America,Senior Software Engineer
720e9c5d-271e-4d87-95e5-98c5e165fdd5,London - United Kingdom,Software Engineer
c8eb644c-8732-4e58-966f-a560d87b8db0,San Franciso - United States of America,Technical Support Representative
5971e8e8-b45b-41eb-9dc9-889b95a4e1f4,San Franciso - United States of America,Senior Software Engineer
d1275219-79c2-4271-a739-7ce2e53cba1d,San Franciso - United States of America,Sales Representative
e71d2543-c56c-485c-bc45-58ab313fe009,Sydney - Australia,Product Manager
930d47e5-24e4-4485-bfe1-7acd53ab06ce,San Franciso - United States of America,Software Engineer
bff2aab9-87ca-409c-aa61-37dff308e1f7,New York - United States of America,Technical Support Representative
967f77c6-f162-458f-82e4-7c15fffc03f8,San Franciso - United States of America,Technical Support Representative
c47d5d9f-c8d3-4f1f-9f37-8c864b657cd8,New York - United States of America,Software Engineer
ed75778c-963a-4388-a477-954c94c0c851,Sydney - Australia,Account Executive
ee548061-9b32-4e71-a128-53ee63a7be9d,Sydney - Australia,Technical Support Representative
101abd9b-e7f6-4566-8f80-62f77a1f9598,Sydney - Australia,Sales Representative
1e960c1d-aece-4967-99c6-706efd7f49ba,Sydney - Australia,Product Manager
76877956-1ea8-41ab-b458-5429b6a4f7c0,London - United Kingdom,Junior Software Engineer
8a987473-b7fb-453e-88f3-bc8033bba7de,London - United Kingdom,Software Engineer
24807efd-0c67-431d-b0e2-a8378e27a033,New York - United States of America,Junior Software Engineer
e3dbd018-fa97-4ab1-a7aa-94982bace74f,New York - United States of America,Sales Representative
37d52e09-6476-4d52-a296-a63fd32a9815,New York - United States of America,Software Engineer
00c6c185-e497-4ca5-a81a-525097746bd7,San Franciso - United States of America,Product Manager
cdd43a4e-2114-47ad-8c5d-be932cb3506c,San Franciso - United States of America,Software Engineer
28b5c790-f865-48cc-b8d2-0a03ba4b0943,London - United Kingdom,Product Manager
5eefad38-9f2c-4706-acb7-9fb4b17ad4a2,Sydney - Australia,Product Manager
e6becfec-5a62-44be-b63f-c4872bedc0a4,New York - United States of America,Sales Representative
a8925e2c-67f7-4da9-a4f5-828ef2deb188,San Franciso - United States of America,Sales Representative
41882551-c7ca-4726-bcc0-6b05d9abfeee,Sydney - Australia,Technical Support Representative
abd6cf01-ddc9-4762-b731-472dd476ad6e,San Franciso - United States of America,Account Executive
dc73f4c7-d998-41f7-a254-097a54f984fc,San Franciso - United States of America,Software Engineer
252b08d0-970a-4cef-b04f-0cf2552d9146,San Franciso - United States of America,Technical Support Representative
be8d13d2-bdab-4cfc-8cf8-98641ef4505e,New York - United States of America,Junior Software Engineer
13a57161-ba53-4a89-af6d-70a128eff27c,San Franciso - United States of America,Product Manager
41cac1dc-ff8d-4ff1-929f-a99eab73d178,San Franciso - United States of America,Junior Software Engineer
485f1e7e-ab5f-440d-bbaf-a870089a5a6c,New York - United States of America,Product Manager
587ae00a-412e-4323-9fea-c026b46d1067,Sydney - Australia,Junior Software Engineer
7fbd385f-aa8b-41b1-9d84-79c6dc342b1c,London - United Kingdom,Product Manager
01c323d4-9740-4042-a1df-1b24547a273c,London - United Kingdom,Product Manager
59e5ce0d-671f-4443-ba01-1e8b795381c9,New York - United States of America,Junior Software Engineer
5167ddc1-a0e3-4b2f-afd1-7ae47e7378d5,Sydney - Australia,Junior Software Engineer
d69115ef-0eef-4abf-b515-84b36cf87624,London - United Kingdom,Technical Support Representative
7ad4b208-be9d-47db-8ea6-996fed735e70,Sydney - Australia,Junior Software Engineer
b50a2432-fd09-48ee-a4ba-d672cbf90c36,London - United Kingdom,Sales Representative
ae4bb235-5311-44f4-b227-10af083132d2,San Franciso - United States of America,Technical Support Representative
8f7e04d6-5a43-4888-8f26-08a0e1f944f5,London - United Kingdom,Sales Representative
1b1d6b8b-f171-4ae0-8b0d-81068a0ff439,New York - United States of America,Sales Representative
74852bff-d6c0-4024-99bd-1402959b3ab0,London - United Kingdom,Junior Software Engineer
d47d4ea3-ec44-46cd-842e-bccaf8726bf6,New York - United States of America,Sales Representative
af1e2452-7c83-4c02-a561-b92795daf4a2,Sydney - Australia,Account Executive
c1c765cc-3c8d-45a5-935b-7fa18ea1cbab,Sydney - Australia,Sales Representative
7c737999-efe9-4be3-b43f-e2f08c77a38e,New York - United States of America,Technical Support Representative
7542c192-9887-4706-b645-fe76f4ab6237,London - United Kingdom,Product Manager
0bb66279-2752-467d-a8bf-1c42ea07ac50,New York - United States of America,Product Manager
f77efa5f-d165-4762-af6e-a88b4dbf735e,New York - United States of America,Junior Software Engineer
db74682b-a877-458c-af4b-be6dabc3ee0e,London - United Kingdom,Senior Software Engineer
ff1cb146-e3a6-4b10-9f26-69873c8b8960,London - United Kingdom,Sales Representative
dabaf1f3-2dec-4e09-ba42-f046470c46bb,Sydney - Australia,Sales Representative
63c089a6-180c-417c-95a2-f990a5cafbce,London - United Kingdom,Junior Software Engineer
39620074-9a94-44d2-8583-ec065d2dcd53,Sydney - Australia,Product Manager
ddcb2f63-2ab1-4a01-b09f-089eb0fba640,London - United Kingdom,Software Engineer
d8ce0b43-213a-4926-82ea-edac32b9a041,London - United Kingdom,Account Executive
2e7a7cc5-5458-440a-9ca3-06902032f275,London - United Kingdom,Software Engineer
b368e025-4eb2-4763-93a5-80c10e7b1e90,London - United Kingdom,Software Engineer
46f8d714-d8f9-49dc-ad7e-d3010e4ef12d,London - United Kingdom,Account Executive
a0d3e23e-3bcb-4e6a-8fdd-19445989b227,San Franciso - United States of America,Software Engineer
c6af5d19-b3c0-45e1-89bd-830619830be8,London - United Kingdom,Product Manager
031df821-3a05-48be-89c5-596890707b51,San Franciso - United States of America,Technical Support Representative
26843cbe-c557-4015-88d5-4b5ed654bc53,London - United Kingdom,Software Engineer
d37e4ac8-f84f-4a0b-8609-cbb05e44109a,New York - United States of America,Technical Support Representative
6ce87321-aa23-4a82-b47b-8bba25cbf0e8,Sydney - Australia,Technical Support Representative
63f16e9b-e2e0-4dfa-acf7-42ef710e8dd8,London - United Kingdom,Product Manager
8b71f987-ceb5-4855-a6e8-41aad8055752,London - United Kingdom,Account Executive
d459dc50-5f40-4565-b69e-23edd4cfcaf8,Sydney - Australia,Technical Support Representative
5f7395b8-a49b-4663-897e-e5681b0b23ee,New York - United States of America,Software Engineer
9f38d318-79d0-4f22-92f8-0d6cc0dfa19c,San Franciso - United States of America,Junior Software Engineer
f2409bff-076f-4111-ad28-ffa9d4a5bd83,London - United Kingdom,Software Engineer
b359db1c-a887-41e5-bebc-a67b62672104,New York - United States of America,Technical Support Representative
9b7d74f1-99ce-425b-9f51-0241b2c071a0,London - United Kingdom,Junior Software Engineer
62b18d1b-34e0-4e91-b0af-bf7fe1e20ab1,New York - United States of America,Senior Software Engineer
2329b975-854e-4011-ad65-ea1a8b82324a,London - United Kingdom,Sales Representative
514425a0-6419-4ab0-9ff4-5ed57fc0a25b,Sydney - Australia,Account Executive
42e00f11-9603-4536-83da-1b8055c933c1,New York - United States of America,Software Engineer
6221437b-4900-47af-856e-8a8698a8a0fc,Sydney - Australia,Technical Support Representative
e08aec30-ca83-4a28-8685-4fe983f59bda,San Franciso - United States of America,Junior Software Engineer
391e92f7-87a3-4ba1-a837-e4e17150ec45,London - United Kingdom,Product Manager
3b103aa5-2f9c-4ea6-966c-d7b3aab04fd4,New York - United States of America,Technical Support Representative
2adad889-dc25-40f8-aacb-cebf26b8a6bf,San Franciso - United States of America,Junior Software Engineer
60bc73c3-646a-4919-96e1-5c5554abc352,London - United Kingdom,Technical Support Representative
25b9fcb6-a983-4dd7-a215-9c84450e218b,San Franciso - United States of America,Account Executive
0577d3c7-934f-4063-8bae-da056c86b135,New York - United States of America,Junior Software Engineer
fb13b86d-64f5-418d-bbcd-9175cc25a2e6,Sydney - Australia,Junior Software Engineer
ffd0a2e0-d6b0-4a31-b5bf-d16fb51bf637,London - United Kingdom,Technical Support Representative
b5b3b5ab-d52b-4f8b-ac91-0584c503ad27,Sydney - Australia,Technical Support Representative
3e6b07e6-6a41-414b-b24c-efb452ce720d,Sydney - Australia,Junior Software Engineer
78acdb17-11f2-40d6-9caa-eea8313be2b6,Sydney - Australia,Junior Software Engineer
748674d8-f236-4196-b0c3-33f0e3b4e234,San Franciso - United States of America,Junior Software Engineer
dfdacef0-a6e6-4333-a092-d4a54e78bb8e,New York - United States of America,Sales Representative
f66358db-0675-429b-8150-67a45633b8c1,New York - United States of America,Technical Support Representative
a0b8168e-3cda-4064-8c43-2c4bc7d60a6c,San Franciso - United States of America,Junior Software Engineer
0c893263-d32e-4fe2-abde-6a9ed5da8dd0,London - United Kingdom,Account Executive
abd1a395-2af1-4b65-93f7-bf83891407e9,San Franciso - United States of America,Technical Support Representative
c4b5e936-f105-4282-a7e5-2c8efa57df3c,London - United Kingdom,Technical Support Representative
53ff3bdc-7431-4eb3-ae62-e37f480d2c08,New York - United States of America,Account Executive
63abafda-8768-4ca4-8822-e0b2ae3b8022,Sydney - Australia,Software Engineer
ca1a1fc1-2746-48e1-8a71-f585033c8f01,New York - United States of America,Senior Software Engineer
fd331225-668a-4360-8367-a17231e4c36c,New York - United States of America,Sales Representative
9af46b2d-8c10-459e-b520-97aa4a399aef,New York - United States of America,Senior Software Engineer
ed91b82b-346b-4a9c-8614-a39f55b6c0e1,San Franciso - United States of America,Software Engineer
b9881c45-2a7c-43e9-89b6-b5c108541e7a,Sydney - Australia,Junior Software Engineer
7ee2e260-d578-4825-91df-080d2d864dfa,Sydney - Australia,Senior Software Engineer
3998d390-e02d-4293-8316-7c29f5dc71be,San Franciso - United States of America,Technical Support Representative
